timestamp,value
1439965827628,1.0
1439966293140,-1.0
1439966297477,1.0
1439969374507,-1.0
1439969521223,-1.0
1439969614021,-1.0
1439969615749,-1.0
1439969695644,-1.0
1439969837581,1.0
1439970396788,-1.0
1439970675973,1.0
1439970680520,-1.0
1439970681806,-1.0
1439970721133,1.0
1439971738248,-1.0
1439972384491,1.0
1439973163929,-1.0
1439973167456,1.0
1439973406357,-1.0
1439973408761,1.0
1439973560288,-1.0
1439973561580,-1.0
1439974123403,-1.0
1439974309659,1.0
1439974708031,-1.0
1439975244734,-1.0
1439975308625,1.0
1439975548235,-1.0
1439976291174,1.0
1439976292395,1.0
1439977476629,-1.0
1439977661171,1.0
1439981359549,1.0
1439981876056,-1.0
1439981877407,1.0
1439982655915,-1.0
1439989711470,-1.0
1439991177289,-1.0
1439991425110,1.0
1439992374942,-1.0
1439992521930,1.0
1439992694615,-1.0
1439993028318,1.0
1439993417016,-1.0
1439996776318,-1.0
1440000454246,1.0
1440009494045,-1.0
1440028401589,1.0
1440029003646,1.0
1440029388199,-1.0
1440029482655,1.0
1440029565335,1.0
1440029613835,1.0
1440030568666,1.0
1440031597807,-1.0
1440031635228,1.0
1440031684092,1.0
1440031691989,1.0
1440031749077,-1.0
1440032115179,1.0
1440032225268,-1.0
1440032287242,-1.0
1440032310722,1.0
1440032498288,1.0
1440033436667,1.0
1440036321807,-1.0
1440036480412,1.0
1440036670556,-1.0
1440037129119,1.0
1440037621219,-1.0
1440037656814,1.0
1440037661696,-1.0
1440037840434,-1.0
1440038526959,-1.0
1440038576573,1.0
1440038652733,1.0
1440038787567,-1.0
1440038788688,-1.0
1440038790626,-1.0
1440038791764,-1.0
1440038795777,-1.0
1440039087492,1.0
1440039088673,-1.0
1440039155560,1.0
1440039168549,-1.0
1440039374433,1.0
1440039407043,-1.0
1440039580799,1.0
1440039718613,-1.0
1440039921880,-1.0
1440040563661,1.0
1440042212823,-1.0
1440042214015,-1.0
1440042330559,-1.0
1440042467916,1.0
1440042483665,1.0
1440042498170,1.0
1440042743873,-1.0
1440042745142,-1.0
1440042746310,-1.0
1440042747539,-1.0
1440043274593,1.0
1440044576365,-1.0
1440044688713,1.0
1440047343705,-1.0
1440047475320,1.0
1440049614637,-1.0
1440049725433,1.0
1440049821265,1.0
1440049828330,-1.0
1440049832746,-1.0
1440059284606,1.0
1440059556552,-1.0
1440121454650,1.0
1440121491377,-1.0
1440121494499,1.0
1440125850456,1.0
1440133254346,-1.0
1440135241574,1.0
1440135710052,-1.0
1440135929265,1.0
1440136542833,-1.0
1440139450548,1.0
1440139612519,-1.0
1440140164989,1.0
1440144705426,-1.0
1440145474327,1.0
1440145646187,-1.0
1440145860844,-1.0
1440146423516,1.0
1440146513741,1.0
1440148339952,-1.0
1440150422224,-1.0
1440150469288,-1.0
1440155573698,-1.0
1440158432737,1.0
1440167066845,-1.0
1440223631006,-1.0
1440223793980,1.0
1440223802005,1.0
1440223804125,1.0
1440223805952,1.0
1440223809493,1.0
1440243988074,-1.0
1440243992093,1.0
1440243994433,1.0
1440243996250,1.0
1440244004020,1.0
1440245935911,-1.0
1440245936937,-1.0
1440249429890,1.0
1440283924563,-1.0
1440284253655,1.0
1440292099576,-1.0
1440292171829,1.0
1440292200167,-1.0
1440300565026,1.0
1440314065443,1.0
1440314067737,1.0
1440314071591,-1.0
1440314253572,1.0
1440319518761,1.0
1440319689312,1.0
1440324714506,-1.0
1440324872270,1.0
1440326119632,-1.0
1440328321116,1.0
1440328333316,-1.0
1440338924418,1.0
1440368646859,1.0
1440368683139,-1.0
1440368919769,1.0
1440457850581,1.0
1440458406124,-1.0
1440458412099,1.0
1440458433511,-1.0
1440459221756,1.0
1440459536596,-1.0
1440459546294,1.0
1440459579105,-1.0
1440459640781,1.0
1440460044517,-1.0
1440460072855,1.0
1440460099893,-1.0
1440460108908,1.0
1440460419144,-1.0
1440462410733,1.0
1440466911675,1.0
1440467626717,1.0
1440469547419,1.0
1440471528453,-1.0
1440471670145,1.0
1440472084858,-1.0
1440472089334,-1.0
1440472109580,-1.0
1440472112455,-1.0
1440472133969,1.0
1440472141585,1.0
1440472170288,-1.0
1440472171367,-1.0
1440474253539,1.0
1440474254961,1.0
1440474256257,1.0
1440474257776,1.0
1440474258911,1.0
1440474350086,-1.0
1440474987743,-1.0
1440475078593,1.0
1440475114830,-1.0
1440475395112,1.0
1440475516524,-1.0
1440475616220,1.0
1440475708116,1.0
1440475713550,-1.0
1440475714764,-1.0
1440475715804,-1.0
1440475717093,-1.0
1440475718228,-1.0
1440475719376,-1.0
1440475720398,-1.0
1440475721465,-1.0
1440475724170,-1.0
1440475728159,-1.0
1440475854711,1.0
1440475876730,-1.0
1440476103574,1.0
1440476539238,1.0
1440476948578,-1.0
1440476955930,1.0
1440477362119,1.0
1440477538903,-1.0
1440477680231,-1.0
1440477715897,-1.0
1440477787640,1.0
1440478011326,1.0
1440480192982,-1.0
1440480783130,-1.0
1440480972860,1.0
1440481324788,-1.0
1440481674578,1.0
1440483183679,1.0
1440483184879,1.0
1440483405852,-1.0
1440484547512,-1.0
1440484689414,1.0
1440485629702,-1.0
1440485746561,1.0
1440487321289,-1.0
1440487348378,1.0
1440487510603,-1.0
1440488058609,-1.0
1440488678390,-1.0
1440488837825,1.0
1440489024365,1.0
1440489129429,-1.0
1440489305936,1.0
1440489942901,-1.0
1440492643519,1.0
1440492782047,1.0
1440493231238,-1.0
1440493232481,-1.0
1440496072263,1.0
1440496073296,1.0
1440496125768,-1.0
1440500163710,-1.0
1440500285890,1.0
1440501745143,-1.0
1440501748248,1.0
1440501750561,-1.0
1440501916117,1.0
1440504083033,-1.0
1440504252586,1.0
1440509940443,-1.0
1440510026363,1.0
1440510901919,-1.0
1440511052636,-1.0
1440511081418,1.0
1440511153953,1.0
1440511163733,1.0
1440512148472,-1.0
1440513762914,-1.0
1440547765150,1.0
1440548847256,-1.0
1440548901815,1.0
1440549035407,1.0
1440549888194,-1.0
1440550076388,1.0
1440550533190,-1.0
1440551198863,1.0
1440551549292,-1.0
1440551649857,1.0
1440552345810,-1.0
1440552450497,1.0
1440552678337,-1.0
1440554127027,1.0
1440554148708,-1.0
1440554149866,-1.0
1440555387163,1.0
1440555657932,1.0
1440555659260,1.0
1440556607686,-1.0
1440556836097,1.0
1440557356839,1.0
1440558084042,-1.0
1440558153534,-1.0
1440558164878,-1.0
1440558173911,-1.0
1440558183393,-1.0
1440558539662,1.0
1440559240534,1.0
1440559468523,-1.0
1440559892832,1.0
1440561421540,1.0
1440561425773,-1.0
1440562993306,-1.0
1440562996283,-1.0
1440563191132,1.0
1440563225591,-1.0
1440563343640,-1.0
1440563370151,1.0
1440563424066,1.0
1440563452160,1.0
1440563453706,1.0
1440563469036,-1.0
1440563472457,1.0
1440563482682,-1.0
1440563651470,1.0
1440565016674,-1.0
1440565194291,1.0
1440565686191,1.0
1440565687787,1.0
1440565775315,-1.0
1440565846052,1.0
1440566001013,-1.0
1440566048992,1.0
1440573013244,-1.0
1440573039742,-1.0
1440573045443,-1.0
1440573098725,-1.0
1440573138792,1.0
1440573202827,1.0
1440573213370,1.0
1440573215594,1.0
1440573312610,-1.0
1440573609079,1.0
1440574693384,1.0
1440575931151,-1.0
1440575943227,-1.0
1440575946158,-1.0
1440575980230,-1.0
1440576176617,-1.0
1440576300360,1.0
1440576406753,1.0
1440576546696,1.0
1440576637034,-1.0
1440576685491,1.0
1440576740652,1.0
1440576908228,1.0
1440576917353,-1.0
1440576921735,1.0
1440577158982,-1.0
1440577298397,1.0
1440577392297,-1.0
1440577676962,1.0
1440577677986,-1.0
1440577679056,1.0
1440577680218,1.0
1440577681339,-1.0
1440577682437,1.0
1440577683545,-1.0
1440577685703,-1.0
1440577690522,-1.0
1440577691625,-1.0
1440577692871,-1.0
1440577694292,-1.0
1440577696480,-1.0
1440577744753,-1.0
1440577748636,-1.0
1440577750258,-1.0
1440577768580,1.0
1440586134829,1.0
1440586136639,1.0
1440586369265,-1.0
1440586561457,1.0
1440586586068,-1.0
1440586859970,1.0
1440589435518,-1.0
1440590199069,1.0
1440591496888,-1.0
1440593377832,1.0
1440593866256,1.0
1440593867330,1.0
1440593868922,1.0
1440593946593,-1.0
1440593950241,1.0
1440593952974,1.0
1440593959426,1.0
1440593967346,-1.0
1440593970925,1.0
1440593972707,-1.0
1440593974311,-1.0
1440593975588,-1.0
1440593977649,1.0
1440593979312,-1.0
1440593984502,1.0
1440593989284,-1.0
1440593991701,-1.0
1440594133532,-1.0
1440594215156,1.0
1440594232207,-1.0
1440594492706,1.0
1440595407709,1.0
1440599157734,-1.0
1440599375363,-1.0
1440599593262,1.0
1440599809181,-1.0
1440599810997,-1.0
1440628059553,1.0
1440632236581,1.0
1440635483456,-1.0
1440635575705,1.0
1440636673060,1.0
1440638810052,-1.0
1440639204973,1.0
1440640274536,1.0
1440641032911,1.0
1440643486032,1.0
1440643487577,1.0
1440643499511,-1.0
1440643512034,1.0
1440643662069,-1.0
1440644088735,-1.0
1440644089988,-1.0
1440644218647,1.0
1440644219863,1.0
1440644941737,-1.0
1440645992083,-1.0
1440645994507,-1.0
1440646481845,1.0
1440646483378,-1.0
1440646608856,-1.0
1440646611312,-1.0
1440646613627,-1.0
1440646615032,-1.0
1440649226458,1.0
1440649227902,1.0
1440649229815,1.0
1440649231664,1.0
1440649484320,-1.0
1440649533060,-1.0
1440649594097,1.0
1440649648417,1.0
1440649688112,1.0
1440649870878,-1.0
1440650031408,1.0
1440650450432,-1.0
1440650757289,-1.0
1440650758304,1.0
1440654525434,-1.0
1440654526509,-1.0
1440654530822,1.0
1440654540685,-1.0
1440654659487,1.0
1440654688205,-1.0
1440654874505,1.0
1440656960273,-1.0
1440657045877,1.0
1440657072566,-1.0
1440657378887,1.0
1440658697034,-1.0
1440658928408,-1.0
1440659266699,-1.0
1440659370930,1.0
1440660513470,1.0
1440661225816,-1.0
1440661324913,1.0
1440662163625,-1.0
1440662269658,1.0
1440662621912,-1.0
1440664987718,-1.0
1440665009060,1.0
1440665329512,1.0
1440665951073,-1.0
1440666437918,1.0
1440666439204,1.0
1440666442132,-1.0
1440667676886,-1.0
1440669726103,1.0
1440670268781,-1.0
1440670468573,1.0
1440671807084,-1.0
1440673378769,-1.0
1440674031025,-1.0
1440674404334,1.0
1440674763679,1.0
1440675918122,1.0
1440679488263,-1.0
1440679767185,-1.0
1440684675164,-1.0
1440684987960,1.0
1440686086488,-1.0
1440688067888,-1.0
1440695867859,-1.0
1440719870592,1.0
1440719924569,-1.0
1440719961342,-1.0
1440721193326,-1.0
1440721302523,1.0
1440723794061,1.0
1440723898169,-1.0
1440724685227,1.0
1440726936611,-1.0
1440727049890,1.0
1440729349791,1.0
1440729491234,-1.0
1440729504188,-1.0
1440729507720,-1.0
1440729518615,-1.0
1440729525825,1.0
1440729529141,-1.0
1440729545007,-1.0
1440729546146,1.0
1440729547382,1.0
1440729548642,1.0
1440729549919,1.0
1440729551063,1.0
1440729554943,-1.0
1440732002033,1.0
1440732003311,1.0
1440732004346,1.0
1440732006328,1.0
1440732322670,-1.0
1440732338020,-1.0
1440732339159,-1.0
1440732352209,1.0
1440732354010,1.0
1440732366878,-1.0
1440733452287,-1.0
1440733616078,1.0
1440738168311,1.0
1440738169719,1.0
1440738170949,1.0
1440738907686,-1.0
1440739026028,1.0
1440741067437,-1.0
1440741230113,1.0
1440741674795,-1.0
1440741714791,-1.0
1440742024927,1.0
1440742887859,-1.0
1440742918220,1.0
1440743011845,-1.0
1440743067559,-1.0
1440743275008,1.0
1440743310599,-1.0
1440745466179,-1.0
1440745530183,-1.0
1440745679476,1.0
1440745689874,-1.0
1440747517293,-1.0
1440747863403,-1.0
1440747864750,-1.0
1440748949284,1.0
1440749319171,-1.0
1440749573739,1.0
1440751705373,-1.0
1440751925344,-1.0
1440752021431,-1.0
1440752024103,1.0
1440752353579,-1.0
1440752356362,1.0
1440752852035,-1.0
1440752853671,1.0
1440753026010,-1.0
1440753159434,1.0
1440754496783,1.0
1440754498635,-1.0
1440754510209,1.0
1440754515331,1.0
1440754554230,-1.0
1440756586375,1.0
1440759068188,-1.0
1440776940500,-1.0
1440777066675,-1.0
1440817588101,-1.0
1440820911271,-1.0
1440820912669,-1.0
1440820921903,1.0
1440820923140,-1.0
1440820930014,1.0
1440821645015,-1.0
1440825680577,1.0
1440825698104,-1.0
1440825750716,1.0
1440829168223,1.0
1440829173337,-1.0
1440829177701,-1.0
1440829183907,1.0
1440829184985,1.0
1440829186020,1.0
1440829190193,1.0
1440829191692,1.0
1440829194430,1.0
1440829195508,1.0
1440829197083,1.0
1440829200662,1.0
1440829204542,1.0
1440829205707,-1.0
1440829206979,1.0
1440829209035,1.0
1440829210127,1.0
1440829211757,1.0
1440829264829,-1.0
1440829271598,1.0
1440829273450,1.0
1440829276292,1.0
1440829278674,1.0
1440829281483,1.0
1440829282577,-1.0
1440829284660,1.0
1440829287639,1.0
1440829328803,1.0
1440829342278,-1.0
1440829347474,1.0
1440829348846,1.0
1440829354205,1.0
1440829403105,-1.0
1440829428480,-1.0
1440829429768,-1.0
1440829431187,-1.0
1440829432682,-1.0
1440829688877,1.0
1440829690025,-1.0
1440829691061,-1.0
1440829692095,-1.0
1440829693243,-1.0
1440829694451,-1.0
1440829695688,-1.0
1440829697157,-1.0
1440829698499,-1.0
1440829699969,-1.0
1440829701592,1.0
1440829703317,-1.0
1440829705146,-1.0
1440829707768,1.0
1440830598168,1.0
1440830619971,-1.0
1440830637008,1.0
1440830639627,1.0
1440830642544,1.0
1440830663047,-1.0
1440830674762,-1.0
1440830678192,-1.0
1440830679434,-1.0
1440830681250,-1.0
1440830683382,-1.0
1440830684478,-1.0
1440830685765,-1.0
1440830688511,1.0
1440830689767,-1.0
1440830691324,-1.0
1440830692630,-1.0
1440830695510,-1.0
1440830697979,-1.0
1440830700484,-1.0
1440830701769,-1.0
1440830705063,-1.0
1440830707032,-1.0
1440830709310,-1.0
1440830719225,-1.0
1440831263663,-1.0
1440837231371,1.0
1440840159069,-1.0
1440840264726,1.0
1440843252528,-1.0
1440979246505,1.0
1440979365437,-1.0
1440982630770,-1.0
1440984080369,1.0
1440984148832,1.0
1440984151834,1.0
1440986297673,1.0
1440990364543,-1.0
1440990369049,-1.0
1440990372745,-1.0
1440990375794,-1.0
1440991827472,1.0
1440993101279,1.0
1440993102330,1.0
1440993283235,-1.0
1440993423738,-1.0
1440994002771,1.0
1440994201519,-1.0
1440994690741,1.0
1440995146066,-1.0
1440998963846,-1.0
1440999118910,-1.0
1440999152905,1.0
1440999259355,1.0
1441000806520,-1.0
1441000891611,1.0
1441000908714,-1.0
1441001582847,-1.0
1441001722898,1.0
1441006611681,-1.0
1441006987701,-1.0
1441007146418,-1.0
1441008224022,1.0
1441008226160,1.0
1441008267443,-1.0
1441008268922,-1.0
1441008592362,-1.0
1441008649126,1.0
1441009067011,1.0
1441010392203,1.0
1441010411905,-1.0
1441010413573,-1.0
1441010427643,1.0
1441010428930,1.0
1441010435496,-1.0
1441010438479,-1.0
1441013193362,1.0
1441013432930,-1.0
1441013434088,-1.0
1441016425049,1.0
1441016426318,1.0
1441016440234,-1.0
1441016526864,1.0
1441016887052,-1.0
1441016942682,1.0
1441017001535,-1.0
1441017065698,-1.0
1441017290058,1.0
1441017613243,1.0
1441017615171,1.0
1441017762268,-1.0
1441021615210,1.0
1441022121395,-1.0
1441022123760,-1.0
1441022845990,-1.0
1441023963940,1.0
1441024157683,-1.0
1441024257583,1.0
1441025098666,1.0
1441029090353,1.0
1441029236324,1.0
1441031989191,-1.0
1441035141257,-1.0
1441035144065,1.0
1441038255290,-1.0
1441038256814,-1.0
1441040163738,1.0
1441044049023,-1.0
1441044050930,1.0
1441055911497,-1.0
1441055915226,1.0
1441056011424,-1.0
1441056017561,1.0
1441064057703,-1.0
1441064243230,1.0
1441064246841,1.0
1441064247947,1.0
1441064267927,1.0
1441064269619,1.0
1441064271047,-1.0
1441064272218,-1.0
1441064273597,-1.0
1441064274629,1.0
1441064275869,-1.0
1441064277318,-1.0
1441064278893,-1.0
1441064280052,-1.0
1441064281170,-1.0
1441064282456,-1.0
1441064283605,1.0
1441064284621,1.0
1441064285643,1.0
1441065119092,1.0
1441065522557,-1.0
1441065526501,1.0
1441065945940,-1.0
1441066720724,1.0
1441067916525,1.0
1441068064294,-1.0
1441068245898,1.0
1441069549150,-1.0
1441073317837,1.0
1441073852642,1.0
1441075111700,-1.0
1441075158402,-1.0
1441076205168,1.0
1441076212682,-1.0
1441077278717,1.0
1441077279841,1.0
1441078187194,1.0
1441078188628,1.0
1441078660849,-1.0
1441078663215,-1.0
1441079330271,1.0
1441079466250,1.0
1441079833893,-1.0
1441081242735,-1.0
1441081294930,1.0
1441081347966,1.0
1441081367352,-1.0
1441081564755,1.0
1441081872434,-1.0
1441081916211,1.0
1441082006989,-1.0
1441082100864,1.0
1441082154957,1.0
1441082220095,-1.0
1441082370941,-1.0
1441082733329,1.0
1441083285012,-1.0
1441083288073,-1.0
1441083291767,-1.0
1441085136975,-1.0
1441085150563,1.0
1441085166901,-1.0
1441088355597,1.0
1441088434255,-1.0
1441088435823,-1.0
1441088554052,1.0
1441089369674,-1.0
1441091813985,1.0
1441091815498,1.0
1441091817535,1.0
1441091838135,-1.0
1441091839244,-1.0
1441092911417,-1.0
1441093043048,1.0
1441093989677,-1.0
1441094084401,1.0
1441094786836,-1.0
1441097009557,-1.0
1441097186461,1.0
1441098639425,-1.0
1441098873836,1.0
1441099039030,1.0
1441099041016,-1.0
1441099045528,-1.0
1441099046789,-1.0
1441099061084,1.0
1441099064106,1.0
1441099065612,1.0
1441099066784,1.0
1441099068721,1.0
1441099416653,-1.0
1441099779283,-1.0
1441099807480,-1.0
1441099926440,1.0
1441099928588,1.0
1441100312696,-1.0
1441102035088,-1.0
1441102036123,1.0
1441102038257,1.0
1441102076497,-1.0
1441102108359,-1.0
1441102187993,1.0
1441102229768,-1.0
1441102231631,-1.0
1441102233955,-1.0
1441102373295,1.0
1441102374694,1.0
1441102418402,-1.0
1441102420716,-1.0
1441102441924,1.0
1441102449410,-1.0
1441102460693,-1.0
1441102619794,1.0
1441103162993,1.0
1441103267916,-1.0
1441103286079,1.0
1441103298181,-1.0
1441103767701,1.0
1441104669904,-1.0
1441105486717,-1.0
1441109455148,1.0
1441109548579,-1.0
1441110063603,1.0
1441111003487,-1.0
1441111519705,-1.0
1441111521525,-1.0
1441116356637,-1.0
1441116474500,1.0
1441118366137,-1.0
1441143369679,1.0
1441148565699,-1.0
1441151301163,1.0
1441153920563,1.0
1441153922971,1.0
1441154269773,-1.0
1441154486548,1.0
1441156967020,-1.0
1441157169095,1.0
1441157522674,-1.0
1441157524655,-1.0
1441159290406,1.0
1441159292339,1.0
1441160857528,-1.0
1441160858932,1.0
1441163860893,-1.0
1441165976812,1.0
1441165978634,-1.0
1441167893127,-1.0
1441168134346,1.0
1441169935507,-1.0
1441170596528,1.0
1441175744975,1.0
1441176393423,1.0
1441176396600,1.0
1441176793080,-1.0
1441177117184,-1.0
1441177356239,1.0
1441178065210,1.0
1441181233646,-1.0
1441182485687,-1.0
1441182486703,-1.0
1441184315607,1.0
1441185184891,-1.0
1441185188108,-1.0
1441185189543,-1.0
1441188082795,-1.0
1441188273413,1.0
1441188632247,-1.0
1441189084410,1.0
1441189105937,-1.0
1441189199376,-1.0
1441189346375,1.0
1441189470691,1.0
1441190017459,-1.0
1441190018502,-1.0
1441190020265,-1.0
1441191804552,1.0
1441191805758,1.0
1441191848727,-1.0
1441191850702,-1.0
1441192282211,-1.0
1441192283327,-1.0
1441192299795,1.0
1441192327517,-1.0
1441193111812,1.0
1441193328943,1.0
1441194773889,-1.0
1441204019867,-1.0
1441204021265,-1.0
1441204317165,-1.0
1441237936172,-1.0
1441237945891,1.0
1441238495716,1.0
1441239678701,1.0
1441240411735,1.0
1441242182424,-1.0
1441242520561,1.0
1441242597510,-1.0
1441243109918,1.0
1441245338674,1.0
1441248820615,-1.0
1441248823023,-1.0
1441248825764,-1.0
1441248896302,-1.0
1441250208014,-1.0
1441250209019,1.0
1441250239910,-1.0
1441250248375,1.0
1441250269261,-1.0
1441251421960,1.0
1441251423135,1.0
1441251425097,1.0
1441251426348,1.0
1441251617233,-1.0
1441251786547,1.0
1441251842750,1.0
1441252356370,-1.0
1441252587488,-1.0
1441252645250,-1.0
1441252685717,-1.0
1441252719817,1.0
1441252920153,-1.0
1441254040295,-1.0
1441255286048,-1.0
1441255829396,1.0
1441261393162,-1.0
1441261498213,1.0
1441261514945,-1.0
1441262727737,-1.0
1441262855158,1.0
1441263064046,1.0
1441263624412,1.0
1441263980351,-1.0
1441264139445,1.0
1441264149550,-1.0
1441264230924,1.0
1441264331010,-1.0
1441264396206,1.0
1441269005363,-1.0
1441269117499,1.0
1441269745051,-1.0
1441269746503,-1.0
1441269747850,-1.0
1441269823155,-1.0
1441269894887,1.0
1441270198208,1.0
1441270231672,-1.0
1441270282723,-1.0
1441270532202,1.0
1441270859217,-1.0
1441270861087,-1.0
1441270862834,1.0
1441270866619,-1.0
1441270878324,-1.0
1441270879714,-1.0
1441270882127,-1.0
1441272509116,1.0
1441272743995,-1.0
1441273096909,1.0
1441273098299,1.0
1441273100428,1.0
1441273101669,1.0
1441273378358,-1.0
1441273381049,-1.0
1441273394978,1.0
1441273487027,-1.0
1441273635918,-1.0
1441273676109,1.0
1441275863316,-1.0
1441277602258,1.0
1441277922213,-1.0
1441278163268,1.0
1441278983001,-1.0
1441279784159,1.0
1441280298268,1.0
1441281919848,1.0
1441285912544,-1.0
1441286044762,1.0
1441286949230,1.0
1441288405532,-1.0
1441290044163,-1.0
1441290334583,1.0
1441294818760,-1.0
1441294821559,1.0
1441294822803,1.0
1441294872853,-1.0
1441294874223,-1.0
1441323377747,1.0
1441323381213,1.0
1441323459705,-1.0
1441323760791,1.0
1441324080251,1.0
1441325546650,-1.0
1441325767838,1.0
1441326118595,1.0
1441326924103,-1.0
1441326965465,1.0
1441329483000,-1.0
1441329590979,1.0
1441332316588,1.0
1441332487956,-1.0
1441332569345,-1.0
1441332648898,1.0
1441332693857,1.0
1441332879601,-1.0
1441334150742,1.0
1441335368175,-1.0
1441337012640,1.0
1441337013829,-1.0
1441337019831,-1.0
1441337021183,-1.0
1441339287053,1.0
1441339288580,1.0
1441339289782,1.0
1441339290896,1.0
1441340717927,-1.0
1441340779497,1.0
1441340806636,-1.0
1441340994462,1.0
1441341003074,-1.0
1441341120222,1.0
1441342475589,-1.0
1441343952468,-1.0
1441344716989,-1.0
1441345234097,1.0
1441345982094,-1.0
1441346161798,1.0
1441347012317,-1.0
1441351497938,-1.0
1441351605119,1.0
1441353656831,-1.0
1441354452798,-1.0
1441354601218,1.0
1441356470948,-1.0
1441359126989,1.0
1441410625505,1.0
1441412888865,-1.0
1441413267460,-1.0
1441417532813,1.0
1441417534555,-1.0
1441433533908,-1.0
1441433765513,1.0
1441441265592,-1.0
1441441421242,1.0
1441505244853,-1.0
1441506190688,1.0
1441515907688,-1.0
1441516024342,1.0
1441525697699,1.0
1441525699239,1.0
1441529104665,-1.0
1441529106240,-1.0
1441530012597,1.0
1441530332534,-1.0
1441537423771,-1.0
1441584579169,1.0
1441584804848,-1.0
1441588403724,-1.0
1441588536528,1.0
1441588552534,-1.0
1441588785555,1.0
1441590733270,-1.0
1441592580474,-1.0
1441593251452,1.0
1441594260335,-1.0
1441594581827,-1.0
1441598199828,-1.0
1441598255239,1.0
1441598610885,-1.0
1441598712314,1.0
1441602040024,-1.0
1441602351044,1.0
1441608134908,1.0
1441610947434,1.0
1441611192920,-1.0
1441611920400,1.0
1441613207285,-1.0
1441616314421,1.0
1441616968784,-1.0
1441617098278,-1.0
1441617114562,-1.0
1441617357690,1.0
1441617555128,1.0
1441617556394,1.0
1441617698878,-1.0
1441617778847,-1.0
1441617791852,-1.0
1441620975490,1.0
1441620978494,1.0
1441620980599,1.0
1441621273236,-1.0
1441621321409,1.0
1441621417928,-1.0
1441621576578,1.0
1441621596418,-1.0
1441621738320,1.0
1441625493192,-1.0
1441625494801,-1.0
1441626820863,-1.0
1441627875817,1.0
1441635286745,-1.0
1441684334825,1.0
1441684795036,-1.0
1441686974958,-1.0
1441687115576,1.0
1441689716362,-1.0
1441689718318,-1.0
1441689979810,1.0
1441690330453,1.0
1441690938488,-1.0
1441691879841,1.0
1441692253884,-1.0
1441692366632,1.0
1441693866429,-1.0
1441695240665,1.0
1441696117148,-1.0
1441697040579,1.0
1441697136228,-1.0
1441697170228,1.0
1441697171229,-1.0
1441697309252,1.0
1441701026747,-1.0
1441701027925,-1.0
1441701033133,1.0
1441701037387,1.0
1441701075742,-1.0
1441701077316,-1.0
1441703145437,1.0
1441703148010,1.0
1441704066238,-1.0
1441704322964,1.0
1441708339944,-1.0
1441709011172,-1.0
1441709427572,1.0
1441710919677,-1.0
1441710923029,1.0
1441710925155,1.0
1441711784798,1.0
1441712032745,1.0
1441712178531,-1.0
1441712585594,1.0
1441719633179,1.0
1441719635001,1.0
1441722429404,-1.0
1441722649575,-1.0
1441724722454,-1.0
1441724838698,1.0
1441725542706,-1.0
1441755868484,-1.0
1441758677185,1.0
1441758680108,1.0
1441759405886,1.0
1441762828463,1.0
1441763101473,-1.0
1441763347762,-1.0
1441763426384,1.0
1441764086766,1.0
1441765204887,1.0
1441765664806,-1.0
1441765673014,-1.0
1441765674077,-1.0
1441767408818,1.0
1441767568541,1.0
1441769037659,-1.0
1441769229886,1.0
1441770670393,-1.0
1441779118136,-1.0
1441779181232,1.0
1441779970481,-1.0
1441780045363,1.0
1441780057785,-1.0
1441780080252,1.0
1441780089053,-1.0
1441780289266,1.0
1441780593088,1.0
1441780594905,-1.0
1441781769931,1.0
1441781888828,-1.0
1441789083941,1.0
1441789086020,1.0
1441789313867,-1.0
1441789315246,-1.0
1441791558078,1.0
1441791559702,1.0
1441791896398,-1.0
1441794445410,1.0
1441795410610,1.0
1441795572087,-1.0
1441795584600,1.0
1441795630976,-1.0
1441800034875,-1.0
1441800448151,1.0
1441801918748,1.0
1441805314895,1.0
1441805485509,-1.0
1441805547506,-1.0
1441805610013,1.0
1441805790194,1.0
1441810035136,-1.0
1441812013053,-1.0
1441815305483,-1.0
1441841252754,1.0
1441842951974,1.0
1441843061546,-1.0
1441843183941,1.0
1441843283194,-1.0
1441843429235,1.0
1441844635533,1.0
1441844636632,1.0
1441844699203,-1.0
1441844701485,1.0
1441844781732,-1.0
1441845068433,1.0
1441846332123,1.0
1441847933431,-1.0
1441848394514,1.0
1441851688652,1.0
1441854963024,1.0
1441854970018,-1.0
1441854971388,-1.0
1441854974532,-1.0
1441855562990,1.0
1441855655405,-1.0
1441855658754,1.0
1441855665572,-1.0
1441855669874,1.0
1441856314517,-1.0
1441856322962,-1.0
1441856338063,1.0
1441856358983,-1.0
1441857694242,-1.0
1441857871262,1.0
1441857979221,-1.0
1441858237637,1.0
1441858312871,-1.0
1441858401064,1.0
1441859790085,-1.0
1441859793110,1.0
1441859794134,1.0
1441859901314,-1.0
1441860833406,1.0
1441860955583,1.0
1441863045538,-1.0
1441863313484,1.0
1441863316014,-1.0
1441863444286,1.0
1441864211205,-1.0
1441864369326,-1.0
1441864567132,1.0
1441866552704,-1.0
1441867079209,1.0
1441867373147,-1.0
1441867414659,1.0
1441867434988,-1.0
1441867464080,1.0
1441867608520,1.0
1441867711394,-1.0
1441868739146,1.0
1441876591159,-1.0
1441876650284,1.0
1441876651374,1.0
1441876708425,1.0
1441876803060,-1.0
1441876851523,-1.0
1441876858558,-1.0
1441876864832,-1.0
1441876870724,1.0
1441876871955,-1.0
1441876873631,-1.0
1441876874861,-1.0
1441881062936,1.0
1441881063959,1.0
1441881065042,1.0
1441881066649,1.0
1441881068229,1.0
1441881103332,-1.0
1441881118225,1.0
1441881145553,-1.0
1441881216897,1.0
1441883755672,-1.0
1441883846615,1.0
1441883871152,-1.0
1441884103994,-1.0
1441884628313,-1.0
1441885737854,1.0
1441887508560,-1.0
1441888283284,1.0
1441888468282,-1.0
1441888715136,1.0
1441889121815,-1.0
1441892766800,1.0
1441893001675,1.0
1441893027004,-1.0
1441897686478,1.0
1441898149580,1.0
1441898754784,-1.0
1441898760029,1.0
1441898775297,-1.0
1441898780759,1.0
1441898790498,-1.0
1441898798597,1.0
1441900229714,1.0
1441900532033,-1.0
1441905096167,-1.0
1441909281852,-1.0
1441909283542,-1.0
1441909285419,-1.0
1441920287341,1.0
1441920343730,-1.0
1441920389439,1.0
1441924598880,-1.0
1441926219788,1.0
1441927416442,-1.0
1441927482005,1.0
1441927523092,-1.0
1441927833743,1.0
1441927951426,-1.0
1441928114942,1.0
1441930180959,1.0
1441930254037,1.0
1441930849693,-1.0
1441930855271,1.0
1441930941995,-1.0
1441930979802,-1.0
1441930983525,1.0
1441931129101,1.0
1441937523796,1.0
1441938605849,-1.0
1441938612898,1.0
1441939649943,-1.0
1441940694086,1.0
1441940774148,-1.0
1441940775511,-1.0
1441940776712,-1.0
1441942617820,-1.0
1441943356020,-1.0
1441943357105,-1.0
1441944119409,1.0
1441944450065,1.0
1441945171922,-1.0
1441945489154,1.0
1441945764565,-1.0
1441945765684,-1.0
1441947901687,1.0
1441948594443,1.0
1441948596378,1.0
1441949278520,-1.0
1441949384863,1.0
1441949476665,-1.0
1441949530869,1.0
1441949657808,-1.0
1441949897713,1.0
1441949993412,-1.0
1441950706048,-1.0
1441951898534,-1.0
1441952928835,-1.0
1441953435896,1.0
1441954303778,-1.0
1441954528257,1.0
1441958277307,-1.0
1441960614318,1.0
1441963000942,1.0
1441963009958,-1.0
1441963093460,-1.0
1441963096146,-1.0
1441964902738,-1.0
1441978077458,-1.0
1441978211588,1.0
1441981889670,-1.0
1441981897364,1.0
1441981977347,1.0
1441987394399,-1.0
1441987395958,1.0
1441989754053,-1.0
1441989755696,-1.0
1441990478432,1.0
1441990479554,1.0
1441990532697,1.0
1441990534797,-1.0
1442021168032,-1.0
1442031799111,1.0
1442035826885,1.0
1442043183642,-1.0
1442045621191,-1.0
1442045622317,-1.0
1442049618653,1.0
1442049619723,1.0
1442054375852,-1.0
1442054383592,1.0
1442054400273,-1.0
1442054595386,1.0
1442065386756,1.0
1442065387839,1.0
1442065388892,-1.0
1442065394400,-1.0
1442065396339,-1.0
1442067085672,1.0
1442067087472,1.0
1442067302820,-1.0
1442067307541,1.0
1442067333178,-1.0
1442067416131,1.0
1442069177410,-1.0
1442069179655,1.0
1442073774086,-1.0
1442073778351,1.0
1442077826449,1.0
1442077827492,-1.0
1442078633471,1.0
1442084376564,-1.0
1442084378530,-1.0
1442084382000,-1.0
1442084391852,1.0
1442084398617,-1.0
1442084424699,-1.0
1442085450820,-1.0
1442085553202,-1.0
1442101774757,-1.0
1442101775906,-1.0
1442111282490,-1.0
1442111754771,1.0
1442113394403,-1.0
1442113397738,1.0
1442127619867,1.0
1442127964467,-1.0
1442128073162,1.0
1442135659462,-1.0
1442136196599,-1.0
1442136198009,-1.0
1442141351442,1.0
1442141352828,1.0
1442146008675,-1.0
1442146069543,-1.0
1442146074651,1.0
1442151133155,-1.0
1442151362731,1.0
1442154399559,-1.0
1442182944796,-1.0
1442182950588,1.0
1442182956636,-1.0
1442182960839,1.0
1442184274579,-1.0
1442186692131,1.0
1442186695472,1.0
1442187018691,-1.0
1442189152282,-1.0
1442189398637,1.0
1442189400127,1.0
1442190007894,-1.0
1442194025937,1.0
1442196311652,-1.0
1442196315144,1.0
1442197555678,-1.0
1442197558922,-1.0
1442197561477,-1.0
1442199448011,1.0
1442202854499,-1.0
1442202994112,1.0
1442207455207,-1.0
1442207713766,1.0
1442207714768,1.0
1442207715810,1.0
1442207975163,-1.0
1442208076716,1.0
1442208164722,-1.0
1442208310834,1.0
1442208391042,-1.0
1442210275767,-1.0
1442213297164,-1.0
1442217367288,1.0
1442217619935,1.0
1442218031965,-1.0
1442218167807,1.0
1442219603706,-1.0
1442219726672,1.0
1442220939327,1.0
1442221018128,1.0
1442221019136,1.0
1442221444286,-1.0
1442221445723,-1.0
1442221449973,-1.0
1442221457737,-1.0
1442224454159,1.0
1442224455612,1.0
1442224456878,1.0
1442224458560,1.0
1442224547542,-1.0
1442224574359,1.0
1442224797946,1.0
1442226455707,1.0
1442230755705,-1.0
1442231070627,1.0
1442231084557,-1.0
1442231611697,1.0
1442236949252,-1.0
1442238213296,-1.0
1442238214482,-1.0
1442239852798,1.0
1442240122080,-1.0
1442240273724,1.0
1442240892248,-1.0
1442241027754,1.0
1442241028848,1.0
1442244382326,-1.0
1442244908298,1.0
1442254635912,-1.0
1442275415558,1.0
1442275459718,-1.0
1442278045318,1.0
1442282627803,1.0
1442282727402,1.0
1442282943964,1.0
1442282945060,1.0
1442283873508,1.0
1442283968951,-1.0
1442284135879,-1.0
1442288039406,-1.0
1442288115186,-1.0
1442288611883,-1.0
1442288615148,-1.0
1442288618037,-1.0
1442290935036,1.0
1442290936590,1.0
1442290939349,1.0
1442291590722,1.0
1442291650806,1.0
1442291656701,-1.0
1442291674582,1.0
1442291994995,-1.0
1442292082591,-1.0
1442292328388,1.0
1442292369048,1.0
1442292370499,1.0
1442292371669,1.0
1442292524582,-1.0
1442292947598,-1.0
1442293566663,1.0
1442293573449,-1.0
1442296843884,-1.0
1442297832276,-1.0
1442297839025,1.0
1442299600226,-1.0
1442300840060,1.0
1442302257472,-1.0
1442304722360,1.0
1442304732842,-1.0
1442305443409,-1.0
1442305445417,-1.0
1442305467253,1.0
1442305477710,1.0
1442307498620,-1.0
1442307859430,1.0
1442307860691,1.0
1442308509830,-1.0
1442308586812,1.0
1442309956900,1.0
1442310052667,-1.0
1442314306322,1.0
1442314307796,1.0
1442314308809,1.0
1442315749886,-1.0
1442317623202,-1.0
1442317624252,-1.0
1442317645272,-1.0
1442321314750,1.0
1442321507227,-1.0
1442321770856,1.0
1442324774209,-1.0
1442366357554,1.0
1442370381886,-1.0
1442370383044,-1.0
1442372427620,1.0
1442374118295,1.0
1442375617676,-1.0
1442377213987,-1.0
1442377369432,1.0
1442377373349,1.0
1442384005483,1.0
1442384024986,-1.0
1442386033860,1.0
1442386075024,-1.0
1442386428825,1.0
1442390239876,-1.0
1442390241662,-1.0
1442393149413,1.0
1442393826661,1.0
1442393959057,-1.0
1442393960426,-1.0
1442396517011,1.0
1442397452838,-1.0
1442397458056,-1.0
1442397693915,1.0
1442397706959,-1.0
1442397945962,1.0
1442400005797,1.0
1442400007592,1.0
1442400160053,-1.0
1442402706732,-1.0
1442402715307,-1.0
1442402745347,1.0
1442405513858,-1.0
1442405673215,1.0
1442406695954,-1.0
1442407251572,1.0
1442408043056,-1.0
1442408268051,1.0
1442408269221,1.0
1442408273073,1.0
1442408278623,-1.0
1442408285848,1.0
1442408287332,1.0
1442413771240,-1.0
1442414052684,1.0
1442414212953,1.0
1442414225614,-1.0
1442429071113,-1.0
1442429339952,1.0
1442445535205,-1.0
1442445664446,1.0
1442446066353,-1.0
1442446073539,1.0
1442446233548,1.0
1442446243154,-1.0
1442446247832,1.0
1442446254397,-1.0
1442446258082,1.0
1442450038880,-1.0
1442451899135,-1.0
1442453295797,1.0
1442453479953,-1.0
1442453629369,1.0
1442454035955,1.0
1442454517308,1.0
1442459099673,-1.0
1442459199934,1.0
1442459773345,-1.0
1442459892803,1.0
1442460049126,1.0
1442460177456,-1.0
1442460186393,-1.0
1442460427489,1.0
1442460478896,-1.0
1442460481618,-1.0
1442460483073,-1.0
1442461140819,-1.0
1442461248796,1.0
1442461824886,1.0
1442462359890,-1.0
1442462408380,1.0
1442462478312,-1.0
1442462555459,-1.0
1442462593566,1.0
1442462609909,1.0
1442462611226,1.0
1442462612269,1.0
1442462671968,1.0
1442463613955,1.0
1442464101402,-1.0
1442464199154,-1.0
1442464219683,1.0
1442465213220,-1.0
1442465214421,-1.0
1442471812091,-1.0
1442471916275,1.0
1442471962675,-1.0
1442472081814,1.0
1442472245673,1.0
1442472310368,1.0
1442472311473,1.0
1442472526531,1.0
1442472932619,-1.0
1442473071883,1.0
1442473565428,1.0
1442473609118,-1.0
1442473762984,1.0
1442477306049,1.0
1442478054671,1.0
1442478512623,1.0
1442479730636,-1.0
1442479738275,1.0
1442479829994,-1.0
1442479939186,-1.0
1442479945578,-1.0
1442479979271,1.0
1442480401377,1.0
1442482615587,-1.0
1442482689575,-1.0
1442482704533,1.0
1442482738045,1.0
1442482782679,-1.0
1442482802970,-1.0
1442482882447,-1.0
1442482928676,1.0
1442483091860,1.0
1442483124472,-1.0
1442483456975,1.0
1442484129244,1.0
1442485679283,1.0
1442485691358,-1.0
1442485702653,1.0
1442485703691,1.0
1442485725628,-1.0
1442486498836,-1.0
1442486916370,-1.0
1442487301076,1.0
1442487463056,-1.0
1442487464083,1.0
1442487465727,1.0
1442487897968,-1.0
1442488831271,1.0
1442492497692,-1.0
1442498376709,-1.0
1442498628101,1.0
1442499686392,-1.0
1442500190828,1.0
1442501522672,-1.0
1442503638141,-1.0
1442530841734,-1.0
1442530842847,-1.0
1442530843859,-1.0
1442532393676,1.0
1442535160392,1.0
1442543657257,-1.0
1442543741700,1.0
1442544275370,-1.0
1442544390540,1.0
1442544711056,-1.0
1442544751249,-1.0
1442544802519,1.0
1442545378689,1.0
1442545509094,-1.0
1442545510495,-1.0
1442545647042,-1.0
1442545714947,-1.0
1442545775385,1.0
1442546252836,1.0
1442548824919,-1.0
1442549347402,1.0
1442550547145,-1.0
1442551317398,-1.0
1442551382547,-1.0
1442551541594,1.0
1442551678211,1.0
1442552187596,1.0
1442552338086,-1.0
1442552347260,1.0
1442552361247,-1.0
1442553212655,-1.0
1442553368849,1.0
1442553431405,-1.0
1442553434369,1.0
1442553521683,1.0
1442553942821,-1.0
1442554533852,1.0
1442555309739,-1.0
1442555570800,-1.0
1442555656007,1.0
1442556416087,-1.0
1442558302997,-1.0
1442558528767,1.0
1442561262467,-1.0
1442567214969,1.0
1442570082818,1.0
1442572414889,-1.0
1442572416263,-1.0
1442572465438,1.0
1442572701974,1.0
1442581608336,-1.0
1442581725166,1.0
1442593898858,-1.0
1442594046169,1.0
1442594047410,1.0
1442598765713,-1.0
1442598767785,-1.0
1442598772303,-1.0
1442598776228,-1.0
1442598781749,-1.0
1442598797638,1.0
1442599062369,-1.0
1442599168264,1.0
1442601025962,-1.0
1442627713872,-1.0
1442630321125,-1.0
1442632179103,1.0
1442634410402,-1.0
1442634705377,1.0
1442638096775,-1.0
1442638315681,1.0
1442648172609,-1.0
1442648321658,1.0
1442656347529,1.0
1442656359585,-1.0
1442656365863,-1.0
1442658428842,1.0
1442658431737,1.0
1442658484462,-1.0
1442660448652,1.0
1442660583341,-1.0
1442660584795,-1.0
1442660599425,1.0
1442660679446,-1.0
1442660751955,1.0
1442660911596,-1.0
1442665365844,-1.0
1442665737046,-1.0
1442676088801,-1.0
1442721269337,1.0
1442723726837,-1.0
1442735367342,-1.0
1442735476543,1.0
1442740130025,1.0
1442742589022,-1.0
1442742590638,-1.0
1442746023652,1.0
1442754642523,-1.0
1442755266495,1.0
1442756679721,-1.0
1442756681265,-1.0
1442796610794,1.0
1442796612211,1.0
1442796641853,1.0
1442800673433,1.0
1442800851125,1.0
1442802287751,-1.0
1442803327602,-1.0
1442803578460,1.0
1442804070656,-1.0
1442804770382,-1.0
1442805159988,1.0
1442806376271,-1.0
1442806488912,1.0
1442806752094,-1.0
1442806753430,-1.0
1442808827662,1.0
1442808828751,1.0
1442809009635,-1.0
1442809368543,1.0
1442810378845,-1.0
1442810457426,1.0
1442810487105,-1.0
1442810733395,1.0
1442813244502,-1.0
1442815630584,-1.0
1442815763128,1.0
1442817464310,-1.0
1442822376336,1.0
1442825300636,-1.0
1442825402384,1.0
1442825811320,1.0
1442825812699,1.0
1442826208509,-1.0
1442826217902,1.0
1442826247834,-1.0
1442826249248,-1.0
1442826288940,-1.0
1442828879903,1.0
1442828882677,1.0
1442829497799,-1.0
1442829715690,1.0
1442837576145,-1.0
1442837761096,1.0
1442845406616,-1.0
1442845535267,1.0
1442846276442,-1.0
1442878807948,1.0
1442879899866,-1.0
1442880168570,1.0
1442880380848,1.0
1442880445004,1.0
1442880446737,1.0
1442880465190,-1.0
1442880966505,-1.0
1442881609306,-1.0
1442881706651,1.0
1442882476852,1.0
1442887857384,-1.0
1442887943335,1.0
1442892005265,-1.0
1442893852943,-1.0
1442894001811,1.0
1442894133046,-1.0
1442894354107,1.0
1442894945799,-1.0
1442894948805,-1.0
1442894958245,-1.0
1442894959279,-1.0
1442895591122,-1.0
1442895597912,1.0
1442895903151,-1.0
1442896293149,1.0
1442897246990,1.0
1442897248059,1.0
1442897249224,1.0
1442897250505,1.0
1442897461648,-1.0
1442897468423,1.0
1442897786770,-1.0
1442897927118,1.0
1442898056997,1.0
1442898185808,1.0
1442899493402,1.0
1442900109948,-1.0
1442900541857,1.0
1442900718495,-1.0
1442900771121,-1.0
1442900869093,1.0
1442901184065,1.0
1442901463487,-1.0
1442901678725,1.0
1442903858683,1.0
1442903878884,-1.0
1442903977462,1.0
1442904367741,-1.0
1442904564129,-1.0
1442904648058,-1.0
1442904814841,1.0
1442906089898,-1.0
1442906231543,1.0
1442907749840,-1.0
1442907886516,1.0
1442908047810,-1.0
1442908533633,-1.0
1442908549601,1.0
1442909428984,-1.0
1442909430994,-1.0
1442909442432,1.0
1442909709087,-1.0
1442910122759,-1.0
1442910182143,-1.0
1442910456549,1.0
1442911428452,-1.0
1442913194583,-1.0
1442913308747,1.0
1442913361812,1.0
1442913459587,-1.0
1442913625587,1.0
1442913953994,-1.0
1442913955200,-1.0
1442913956697,-1.0
1442916539890,1.0
1442916541190,1.0
1442916542426,1.0
1442919197878,1.0
1442919199102,1.0
1442919208974,-1.0
1442919212132,-1.0
1442919360302,-1.0
1442919399822,1.0
1442919446680,1.0
1442919467988,-1.0
1442919495452,-1.0
1442919660395,1.0
1442919837114,1.0
1442922707768,-1.0
1442923648887,-1.0
1442923981258,1.0
1442924562727,-1.0
1442924563822,-1.0
1442933173604,-1.0
1442933214859,1.0
1442933225529,-1.0
1442957842749,1.0
1442960425349,-1.0
1442960473862,1.0
1442960925269,-1.0
1442961026983,1.0
1442964436881,-1.0
1442968131631,-1.0
1442968230681,1.0
1442969284133,1.0
1442969399047,-1.0
1442969450110,1.0
1442969809246,-1.0
1442969970437,1.0
1442970476938,-1.0
1442970804613,1.0
1442971746435,1.0
1442971892296,-1.0
1442972179017,-1.0
1442972303918,1.0
1442973218303,-1.0
1442974663853,1.0
1442975143214,1.0
1442975155409,-1.0
1442975177545,1.0
1442975185565,-1.0
1442976122399,1.0
1442976202006,1.0
1442976203739,-1.0
1442976728352,-1.0
1442976884377,-1.0
1442976999329,1.0
1442977087596,1.0
1442977941060,-1.0
1442978139291,1.0
1442980387607,-1.0
1442982484774,1.0
1442982867624,-1.0
1442983213708,1.0
1442986109562,-1.0
1442991004098,1.0
1442991032478,-1.0
1442991185835,1.0
1442991762545,-1.0
1442991871095,1.0
1442991930509,-1.0
1442992181638,-1.0
1442992508995,1.0
1442992606333,-1.0
1442992769935,1.0
1442993023568,-1.0
1442993024621,-1.0
1442997799978,-1.0
1442997802782,1.0
1442997809034,-1.0
1442997982048,1.0
1442998477054,1.0
1442998636853,-1.0
1442998638608,-1.0
1443000631964,1.0
1443000633407,1.0
1443000635860,1.0
1443000799897,-1.0
1443000975916,1.0
1443004373685,-1.0
1443004535132,1.0
1443010317919,-1.0
1443011323228,1.0
1443012575513,-1.0
1443012753604,1.0
1443014894796,-1.0
1443015939814,1.0
1443017409288,-1.0
1443017490225,-1.0
1443017672865,1.0
1443020503899,1.0
1443022967708,-1.0
1443023884979,-1.0
1443023920883,1.0
1443025329660,-1.0
1443025546112,1.0
1443030173206,-1.0
1443030195271,1.0
1443052688202,1.0
1443052774548,-1.0
1443052984656,1.0
1443053634406,-1.0
1443054649111,1.0
1443056948247,-1.0
1443057076732,1.0
1443060991119,-1.0
1443061133128,1.0
1443062060542,-1.0
1443063364998,-1.0
1443063888816,-1.0
1443063962013,1.0
1443066509251,-1.0
1443066778206,1.0
1443066871024,-1.0
1443066959763,1.0
1443066976457,-1.0
1443067119351,1.0
1443068260373,1.0
1443068261429,1.0
1443069487691,-1.0
1443069702117,-1.0
1443070462967,1.0
1443073437994,-1.0
1443073485306,-1.0
1443081370030,-1.0
1443081488846,-1.0
1443081904496,1.0
1443082090205,-1.0
1443082288065,1.0
1443082877133,1.0
1443082890516,-1.0
1443082895027,1.0
1443082927622,-1.0
1443085806767,-1.0
1443085807879,-1.0
1443085809201,-1.0
1443090467907,-1.0
1443090477717,1.0
1443090586355,-1.0
1443091212202,-1.0
1443091374115,1.0
1443091427615,1.0
1443091526753,-1.0
1443093203049,-1.0
1443093210932,1.0
1443093819278,-1.0
1443093820282,-1.0
1443105254019,-1.0
1443143581222,1.0
1443143675964,-1.0
1443143677682,-1.0
1443144065385,1.0
1443150866318,-1.0
1443150871359,1.0
1443150873385,1.0
1443150874444,1.0
1443151464821,-1.0
1443151466153,-1.0
1443152342060,1.0
1443153060106,1.0
1443153919679,-1.0
1443153924582,1.0
1443159240050,-1.0
1443159392014,1.0
1443159402739,-1.0
1443159405309,1.0
1443159726135,1.0
1443161846968,-1.0
1443161853710,1.0
1443163964895,-1.0
1443164087906,1.0
1443166952574,-1.0
1443167075127,-1.0
1443172325892,-1.0
1443172693669,1.0
1443177624066,-1.0
1443180247659,1.0
1443181791413,-1.0
1443182629537,-1.0
1443187881291,-1.0
1443187921530,1.0
1443187939751,-1.0
1443423103976,-1.0
1443423204834,1.0
1443430783656,-1.0
1443431198657,1.0
1443443634594,-1.0
1443443769918,-1.0
1443450356748,1.0
1443487680482,1.0
1443487789760,-1.0
1443487793653,-1.0
1443490747301,-1.0
1443490748799,1.0
1443495334277,1.0
1443495695744,-1.0
1443495972585,1.0
1443498484541,-1.0
1443498487320,1.0
1443498496146,-1.0
1443498497221,-1.0
1443500541457,-1.0
1443501232625,1.0
1443501233752,1.0
1443501513315,-1.0
1443502059919,1.0
1443509921381,-1.0
1443510081281,1.0
1443511015231,-1.0
1443511173663,1.0
1443511322267,-1.0
1443518969311,-1.0
1443519133583,1.0
1443520276106,1.0
1443520324789,1.0
1443522462185,1.0
1443522464320,1.0
1443526451116,-1.0
1443526508918,1.0
1443526515643,-1.0
1443526725891,1.0
1443528952041,-1.0
1443529234798,1.0
1443529248132,-1.0
1443529252418,1.0
1443537090876,-1.0
1443537093008,1.0
1443537097428,1.0
1443537541789,-1.0
1443538158725,-1.0
1443538160229,-1.0
1443538162218,1.0
1443571833019,1.0
1443572320358,1.0
1443572322210,-1.0
1443572324781,-1.0
1443572329094,-1.0
1443574170603,-1.0
1443574408869,1.0
1443575358895,-1.0
1443575391858,-1.0
1443575398644,1.0
1443575555080,-1.0
1443576139255,1.0
1443576251307,1.0
1443576253069,1.0
1443579768330,-1.0
1443579770653,-1.0
1443579879304,-1.0
1443579882743,1.0
1443581127043,-1.0
1443581321409,-1.0
1443581481752,1.0
1443582135666,-1.0
1443584112505,1.0
1443584477573,1.0
1443584994949,1.0
1443585421383,-1.0
1443590170121,-1.0
1443590306463,1.0
1443594117530,1.0
1443597476422,1.0
1443597620469,-1.0
1443597734244,1.0
1443597789824,1.0
1443598043876,-1.0
1443598049671,-1.0
1443598496755,1.0
1443598498200,1.0
1443599371340,-1.0
1443601069517,1.0
1443601070553,1.0
1443601073635,1.0
1443601151035,-1.0
1443602094646,1.0
1443602123804,-1.0
1443603295628,1.0
1443603382973,-1.0
1443603459442,-1.0
1443603665559,1.0
1443603859024,-1.0
1443603869218,1.0
1443603872528,-1.0
1443603874409,-1.0
1443606621810,1.0
1443606623125,1.0
1443606624265,1.0
1443606660280,-1.0
1443606831882,-1.0
1443606866164,-1.0
1443607858682,1.0
1443608055733,-1.0
1443608058406,-1.0
1443618027111,1.0
1443618028323,1.0
1443618402772,-1.0
1443618542689,1.0
1443621761461,-1.0
1443622461576,-1.0
1443623700303,1.0
1443624066637,-1.0
1443624907429,-1.0
1443659770402,1.0
1443659772292,-1.0
1443660011227,1.0
1443661773495,1.0
1443662161796,-1.0
1443662195565,1.0
1443662218039,-1.0
1443662219070,1.0
1443662301699,-1.0
1443663778579,1.0
1443664109962,1.0
1443666638244,-1.0
1443666668326,-1.0
1443666827385,1.0
1443668841882,-1.0
1443668843343,-1.0
1443668845919,-1.0
1443668847432,-1.0
1443670347774,1.0
1443670360315,-1.0
1443670927420,1.0
1443671488657,-1.0
1443671507874,-1.0
1443671515203,1.0
1443671693542,-1.0
1443671699074,1.0
1443671828850,-1.0
1443671830025,-1.0
1443671893683,1.0
1443671978723,1.0
1443672047513,1.0
1443672102011,-1.0
1443672208377,-1.0
1443677209519,-1.0
1443677367228,1.0
1443677388436,-1.0
1443677908322,1.0
1443679943330,-1.0
1443680108318,-1.0
1443680448992,-1.0
1443680663813,1.0
1443680679748,-1.0
1443682813577,-1.0
1443682941610,1.0
1443683152509,1.0
1443683255265,1.0
1443683256620,1.0
1443685718055,1.0
1443689927349,-1.0
1443689928382,-1.0
1443690011102,1.0
1443692116162,1.0
1443692145772,-1.0
1443692226762,-1.0
1443692368408,1.0
1443692577401,1.0
1443692578493,1.0
1443695195772,-1.0
1443695203748,-1.0
1443695206744,-1.0
1443695212858,-1.0
1443695216858,-1.0
1443695221354,-1.0
1443695225337,-1.0
1443695231991,-1.0
1443695234767,-1.0
1443695359933,1.0
1443695365827,1.0
1443695387195,-1.0
1443695444771,1.0
1443695446386,1.0
1443695488940,-1.0
1443695504904,1.0
1443695618097,1.0
1443696277363,-1.0
1443696323163,-1.0
1443696368770,1.0
1443696386756,-1.0
1443696524137,1.0
1443696803976,1.0
1443696805051,1.0
1443696947135,-1.0
1443697215112,1.0
1443697235532,-1.0
1443699533922,-1.0
1443700003576,1.0
1443702380901,-1.0
1443702519855,1.0
1443703379608,-1.0
1443704817969,-1.0
1443705996542,-1.0
1443707532348,-1.0
1443707721250,-1.0
1443709200762,-1.0
1443709201964,-1.0
1443710238849,-1.0
1443710486425,1.0
1443710540675,-1.0
1443710790620,-1.0
1443728339800,-1.0
1443728349315,1.0
1443728393939,-1.0
1443750187109,-1.0
1443750192364,1.0
1443750693938,-1.0
1443750695755,1.0
1443752783265,1.0
1443754126067,-1.0
1443755684239,-1.0
1443755685540,-1.0
1443755687414,-1.0
1443758005306,1.0
1443758006772,1.0
1443758082260,-1.0
1443758087867,1.0
1443758090337,1.0
1443758168614,1.0
1443758178900,1.0
1443758276001,-1.0
1443759040669,-1.0
1443759042000,1.0
1443759043049,-1.0
1443760617266,1.0
1443760632218,1.0
1443761770181,-1.0
1443762116748,1.0
1443762158454,1.0
1443765172544,-1.0
1443765567102,1.0
1443765733858,-1.0
1443768591984,1.0
1443769143809,-1.0
1443772142201,1.0
1443772884844,-1.0
1443772992435,1.0
1443774046073,-1.0
1443776009403,1.0
1443776435792,-1.0
1443778191575,-1.0
1443780067443,1.0
1443783772239,-1.0
1443784019192,1.0
1443789159122,-1.0
1443789251064,1.0
1443790599416,-1.0
1443791327880,-1.0
1443791498304,1.0
1443795659660,-1.0
1443918060052,1.0
1443925697616,-1.0
1443925882234,1.0
1443930767767,-1.0
1443931088620,1.0
1443931089922,1.0
1443934683163,-1.0
1443935293885,-1.0
1443935772486,1.0
1443942900244,1.0
1443942901369,1.0
1443951915859,-1.0
1443955031391,-1.0
1443958159666,1.0
1443959860982,-1.0
1443964101116,-1.0
1443967863163,-1.0
1443968279657,1.0
1444011865773,1.0
1444012767647,1.0
1444013234709,-1.0
1444013237736,-1.0
1444017540353,-1.0
1444019798947,-1.0
1444019868865,-1.0
1444020015827,1.0
1444020999714,1.0
1444021113282,-1.0
1444021272806,1.0
1444021426380,-1.0
1444021891879,1.0
1444021992906,-1.0
1444022046550,1.0
1444022065702,-1.0
1444022341402,1.0
1444032928572,-1.0
1444033024516,-1.0
1444033132704,1.0
1444033373399,1.0
1444033542428,-1.0
1444033771783,-1.0
1444034031355,1.0
1444034032473,1.0
1444034037065,-1.0
1444034055400,-1.0
1444034213863,1.0
1444034991579,1.0
1444035368530,1.0
1444035432733,-1.0
1444035434032,-1.0
1444035542560,-1.0
1444035669237,-1.0
1444037458728,1.0
1444039604368,-1.0
1444040198257,-1.0
1444041206816,1.0
1444042944018,1.0
1444043353590,1.0
1444043445347,1.0
1444043447641,1.0
1444044349102,1.0
1444044508219,-1.0
1444045330340,1.0
1444045416655,-1.0
1444045428420,-1.0
1444045529949,1.0
1444045597926,1.0
1444045598959,1.0
1444046430049,-1.0
1444046536839,-1.0
1444046708695,1.0
1444046970150,1.0
1444047541972,-1.0
1444047545327,1.0
1444048527517,-1.0
1444048736308,1.0
1444049854817,-1.0
1444049899094,1.0
1444050001272,-1.0
1444050112043,1.0
1444050158285,1.0
1444050925291,-1.0
1444055330681,-1.0
1444055332277,-1.0
1444055334427,-1.0
1444055580448,-1.0
1444056348996,1.0
1444057127327,1.0
1444057660316,-1.0
1444057692556,-1.0
1444084547651,-1.0
1444086640700,1.0
1444088822874,-1.0
1444088827983,1.0
1444090401620,1.0
1444090417525,-1.0
1444090895811,-1.0
1444091360966,-1.0
1444091464093,1.0
1444091591975,-1.0
1444091745119,1.0
1444094065002,-1.0
1444094246583,1.0
1444097897849,1.0
1444097911041,-1.0
1444097918125,1.0
1444097922742,1.0
1444097928608,1.0
1444097949760,-1.0
1444100833983,-1.0
1444102277222,-1.0
1444102373850,-1.0
1444102776345,-1.0
1444102804986,1.0
1444102822884,-1.0
1444102989994,1.0
1444104037432,-1.0
1444104632399,1.0
1444104633889,1.0
1444105104312,-1.0
1444105112737,1.0
1444105115009,1.0
1444105265936,1.0
1444105899414,-1.0
1444106117026,1.0
1444108276708,-1.0
1444108448447,1.0
1444109866483,1.0
1444109930127,-1.0
1444110084181,1.0
1444110255028,-1.0
1444110658488,1.0
1444111217073,1.0
1444111878025,-1.0
1444112196122,-1.0
1444112298166,-1.0
1444112367508,-1.0
1444112762855,1.0
1444112772126,1.0
1444113504077,-1.0
1444113621171,1.0
1444113890395,-1.0
1444114457353,-1.0
1444114463398,1.0
1444114579390,-1.0
1444114779486,-1.0
1444114943573,-1.0
